Workbook

Sheet Denmark_turbine
A1: Turbine identifier (GSRN) | B1: Date of original connection to grid | C1: Capacity (kW) | D1: Rotor diameter (m) | E1: Hub height (m) | F1: Manufacture | G1: Model | H1: Local authority no | I1: Local authority name | J1: Type of location | K1: Cadastral district | L1: Cadastral no. | M1: X (east) coordinate UTM 32 Euref89 | N1: Y (north) coordinate UTM 32 Euref89 | O1: Origin of coordinates | P1: Distribution company installation number | Q1: Turbine | R1: turb_match
A2: 570715000002077638 | B2: 44539 | C2: 14000 | D2: 122 | E2: 160 | F2: SIEMENS | G2: Ukendt-Simens | H2: 787 | I2: Thisted | J2: LAND | K2: Østerild By, Østerild | L2: 4u | M2: 462928.99 | N2: 6323167.2 | O2: Stamdata | Q2: SIEMENS Ukendt-Simens | R2: =_xlfn.IFERROR(INDEX('model_byCAP'!$D$2:$D$377,MATCH(Q2,'model_byCAP'!$A$2:$A$377,0)),0) -> Siemens.SWT.3.0.101
A3: 570715000001661395 | B3: 43888 | C3: 10000 | D3: 193 | E3: 140 | F3: Siemens Wind Power A/S | G3: SG DD-193 / SG 10.0-193DD | H3: 787 | I3: Thisted | J3: LAND | K3: Østerild by, Østerild | L3: 4m | M3: 492926.99 | N3: 6322569.2 | O3: Stamdata | P3: 3507002 | Q3: Siemens Wind Power A/S SG DD-193 / SG 10.0-193DD | R3: =_xlfn.IFERROR(INDEX('model_byCAP'!$D$2:$D$377,MATCH(Q3,'model_byCAP'!$A$2:$A$377,0)),0) -> Siemens.Gamesa.SG.10.0.193
A4: 570715000001663276 | B4: 43858 | C4: 9500 | D4: 174 | E4: 130 | F4: MHI Vestas Offshore Wind A/S | G4: V164-8.0MW/8.3MW | H4: 787 | I4: Thisted | J4: LAND | K4: Hjardemål klit, Hjardemål | L4: 34 | M4: 492926 | N4: 6325569 | O4: Stamdata | P4: 3489007 | Q4: MHI Vestas Offshore Wind A/S V164-8.0MW/8.3MW | R4: =_xlfn.IFERROR(INDEX('model_byCAP'!$D$2:$D$377,MATCH(Q4,'model_byCAP'!$A$2:$A$377,0)),0) -> MHI.Vestas.V164.8400
A5: 570715000001616975 | B5: 43378 | C5: 8600 | D5: 167 | E5: 120.5 | F5: Ukendt | G5: Ukendt | H5: 787 | I5: Thisted | J5: LAND | K5: Østerild by, Østerild | L5: 4m | M5: 492960 | N5: 6323735 | O5: Stamdata | P5: 3492006 | Q5: Ukendt Ukendt | R5: =_xlfn.IFERROR(INDEX('model_byCAP'!$D$2:$D$377,MATCH(Q5,'model_byCAP'!$A$2:$A$377,0)),0) -> 0
A6: 570715000001542588 | B6: 44251 | C6: 8400 | D6: 167 | E6: 104 | F6: Siemens Wind Power A/S | G6: SG 8.0-167 DD | H6: 390 | I6: Vordingborg | J6: HAV | K6: Kriegers Flak | L6: Hav | M6: 744149 | N6: 6108859 | O6: Stamdata | P6: KFA 01R | Q6: Siemens Wind Power A/S SG 8.0-167 DD | R6: =_xlfn.IFERROR(INDEX('model_byCAP'!$D$2:$D$377,MATCH(Q6,'model_byCAP'!$A$2:$A$377,0)),0) -> Siemens.Gamesa.SG.8.0.167
A7: 570715000001542595 | B7: 44251 | C7: 8400 | D7: 167 | E7: 104 | F7: Siemens Wind Power A/S | G7: SG 8.0-167 DD | H7: 390 | I7: Vordingborg | J7: HAV | K7: Kriegers Flak | L7: Hav | M7: 741899 | N7: 6107869 | O7: Stamdata | P7: KFA 02Q | Q7: Siemens Wind Power A/S SG 8.0-167 DD | R7: =_xlfn.IFERROR(INDEX('model_byCAP'!$D$2:$D$377,MATCH(Q7,'model_byCAP'!$A$2:$A$377,0)),0) -> Siemens.Gamesa.SG.8.0.167
A8: 570715000001542601 | B8: 44250 | C8: 8400 | D8: 167 | E8: 104 | F8: Siemens Wind Power A/S | G8: SG 8.0-167 DD | H8: 390 | I8: Vordingborg | J8: HAV | K8: Kriegers Flak | L8: Hav | M8: 743789 | N8: 6107689 | O8: Stamdata | P8: KFA 03R | Q8: Siemens Wind Power A/S SG 8.0-167 DD | R8: =_xlfn.IFERROR(INDEX('model_byCAP'!$D$2:$D$377,MATCH(Q8,'model_byCAP'!$A$2:$A$377,0)),0) -> Siemens.Gamesa.SG.8.0.167
A9: 570715000001542618 | B9: 44255 | C9: 8400 | D9: 167 | E9: 104 | F9: Siemens Wind Power A/S | G9: SG 8.0-167 DD | H9: 390 | I9: Vordingborg | J9: HAV | K9: Kriegers Flak | L9: Hav | M9: 740639 | N9: 6107234 | O9: Stamdata | P9: KFA 04Q | Q9: Siemens Wind Power A/S SG 8.0-167 DD | R9: =_xlfn.IFERROR(INDEX('model_byCAP'!$D$2:$D$377,MATCH(Q9,'model_byCAP'!$A$2:$A$377,0)),0) -> Siemens.Gamesa.SG.8.0.167
A10: 570715000001542625 | B10: 44250 | C10: 8400 | D10: 167 | E10: 104 | F10: Siemens Wind Power A/S | G10: SG 8.0-167 DD | H10: 390 | I10: Vordingborg | J10: HAV | K10: Kriegers Flak | L10: Hav | M10: 743609 | N10: 6106429 | O10: Stamdata | P10: KFA 05R | Q10: Siemens Wind Power A/S SG 8.0-167 DD | R10: =_xlfn.IFERROR(INDEX('model_byCAP'!$D$2:$D$377,MATCH(Q10,'model_byCAP'!$A$2:$A$377,0)),0) -> Siemens.Gamesa.SG.8.0.167
A11: 570715000001542632 | B11: 44249 | C11: 8400 | D11: 167 | E11: 104 | F11: Siemens Wind Power A/S | G11: SG 8.0-167 DD | H11: 390 | I11: Vordingborg | J11: HAV | K11: Kriegers Flak | L11: Hav | M11: 740549 | N11: 6105979 | O11: Stamdata | P11: KFA 06Q | Q11: Siemens Wind Power A/S SG 8.0-167 DD | R11: =_xlfn.IFERROR(INDEX('model_byCAP'!$D$2:$D$377,MATCH(Q11,'model_byCAP'!$A$2:$A$377,0)),0) -> Siemens.Gamesa.SG.8.0.167
A12: 570715000001542649 | B12: 44240 | C12: 8400 | D12: 167 | E12: 104 | F12: Siemens Wind Power A/S | G12: SG 8.0-167 DD | H12: 390 | I12: Vordingborg | J12: HAV | K12: Kriegers Flak | L12: Hav | M12: 743789 | N12: 6105169 | O12: Stamdata | P12: KFA 07R | Q12: Siemens Wind Power A/S SG 8.0-167 DD | R12: =_xlfn.IFERROR(INDEX('model_byCAP'!$D$2:$D$377,MATCH(Q12,'model_byCAP'!$A$2:$A$377,0)),0) -> Siemens.Gamesa.SG.8.0.167
A13: 570715000001542656 | B13: 44252 | C13: 8400 | D13: 167 | E13: 104 | F13: Siemens Wind Power A/S | G13: SG 8.0-167 DD | H13: 390 | I13: Vordingborg | J13: HAV | K13: Kriegers Flak | L13: Hav | M13: 740369 | N13: 6104899 | O13: Stamdata | P13: KFA 08Q | Q13: Siemens Wind Power A/S SG 8.0-167 DD | R13: =_xlfn.IFERROR(INDEX('model_byCAP'!$D$2:$D$377,MATCH(Q13,'model_byCAP'!$A$2:$A$377,0)),0) -> Siemens.Gamesa.SG.8.0.167
A14: 570715000001542663 | B14: 44254 | C14: 8400 | D14: 167 | E14: 104 | F14: Siemens Wind Power A/S | G14: SG 8.0-167 DD | H14: 390 | I14: Vordingborg | J14: HAV | K14: Kriegers Flak | L14: Hav | M14: 740459 | N14: 6103819 | O14: Stamdata | P14: KFA 09P | Q14: Siemens Wind Power A/S SG 8.0-167 DD | R14: =_xlfn.IFERROR(INDEX('model_byCAP'!$D$2:$D$377,MATCH(Q14,'model_byCAP'!$A$2:$A$377,0)),0) -> Siemens.Gamesa.SG.8.0.167
A15: 570715000001542670 | B15: 44228 | C15: 8400 | D15: 167 | E15: 104 | F15: Siemens Wind Power A/S | G15: SG 8.0-167 DD | H15: 390 | I15: Vordingborg | J15: HAV | K15: Kriegers Flak | L15: Hav | M15: 744149 | N15: 6103639 | O15: Stamdata | P15: KFA 10O | Q15: Siemens Wind Power A/S SG 8.0-167 DD | R15: =_xlfn.IFERROR(INDEX('model_byCAP'!$D$2:$D$377,MATCH(Q15,'model_byCAP'!$A$2:$A$377,0)),0) -> Siemens.Gamesa.SG.8.0.167
A16: 570715000001542687 | B16: 44256 | C16: 8400 | D16: 167 | E16: 104 | F16: Siemens Wind Power A/S | G16: SG 8.0-167 DD | H16: 390 | I16: Vordingborg | J16: HAV | K16: Kriegers Flak | L16: Hav | M16: 740459 | N16: 6102739 | O16: Stamdata | P16: KFA 11P | Q16: Siemens Wind Power A/S SG 8.0-167 DD | R16: =_xlfn.IFERROR(INDEX('model_byCAP'!$D$2:$D$377,MATCH(Q16,'model_byCAP'!$A$2:$A$377,0)),0) -> Siemens.Gamesa.SG.8.0.167
A17: 570715000001542694 | B17: 44239 | C17: 8400 | D17: 167 | E17: 104 | F17: Siemens Wind Power A/S | G17: SG 8.0-167 DD | H17: 390 | I17: Vordingborg | J17: HAV | K17: Kriegers Flak | L17: Hav | M17: 744419 | N17: 6102559 | O17: Stamdata | P17: KFA 12O | Q17: Siemens Wind Power A/S SG 8.0-167 DD | R17: =_xlfn.IFERROR(INDEX('model_byCAP'!$D$2:$D$377,MATCH(Q17,'model_byCAP'!$A$2:$A$377,0)),0) -> Siemens.Gamesa.SG.8.0.167
... A77: 570715000001543295 | B77: 44352 | C77: 8400 | D77: 167 | E77: 104 | F77: Siemens Wind Power A/S | G77: SG 8.0-167 DD | H77: 390 | I77: Vordingborg | J77: HAV | K77: Kriegers Flak | L77: Hav | M77: 755669 | N77: 6100489 | O77: Stamdata | P77: KFB 69K | Q77: Siemens Wind Power A/S SG 8.0-167 DD | R77: =_xlfn.IFERROR(INDEX('model_byCAP'!$D$2:$D$377,MATCH(Q77,'model_byCAP'!$A$2:$A$377,0)),0) -> Siemens.Gamesa.SG.8.0.167
A78: 571313134499569550 | B78: 44115 | C78: 8400 | D78: 164 | E78: 118 | F78: MHI Vestas Offshore Wind A/S | G78: V164-8.0MW/8.3MW | H78: 561 | I78: Esbjerg | J78: LAND | K78: Måde Esbjerg Jorder | L78: 2i | M78: 468049.88 | N78: 6145616.5 | O78: Stamdata | Q78: MHI Vestas Offshore Wind A/S V164-8.0MW/8.3MW | R78: =_xlfn.IFERROR(INDEX('model_byCAP'!$D$2:$D$377,MATCH(Q78,'model_byCAP'!$A$2:$A$377,0)),0) -> MHI.Vestas.V164.8400
A79: 571313134499569574 | B79: 44114 | C79: 8400 | D79: 164 | E79: 118 | F79: MHI Vestas Offshore Wind A/S | G79: V164-8.0MW/8.3MW | H79: 561 | I79: Esbjerg | J79: LAND | K79: Måde Esbjerg Jorder | L79: 4æ | M79: 468533.63 | N79: 6145431 | O79: Stamdata | Q79: MHI Vestas Offshore Wind A/S V164-8.0MW/8.3MW | R79: =_xlfn.IFERROR(INDEX('model_byCAP'!$D$2:$D$377,MATCH(Q79,'model_byCAP'!$A$2:$A$377,0)),0) -> MHI.Vestas.V164.8400
A80: 570715000001613509 | B80: 43457 | C80: 8300 | D80: 164 | E80: 105 | F80: MHI Vestas Offshore Wind A/S | G80: V164-8.0MW/8.3MW | H80: 561 | I80: Esbjerg | J80: HAV | K80: Horns Rev | L80: Hav | M80: 408997 | N80: 6177653 | O80: Stamdata | P80: WH3 A01 | Q80: MHI Vestas Offshore Wind A/S V164-8.0MW/8.3MW | R80: =_xlfn.IFERROR(INDEX('model_byCAP'!$D$2:$D$377,MATCH(Q80,'model_byCAP'!$A$2:$A$377,0)),0) -> MHI.Vestas.V164.8400
A81: 570715000001613516 | B81: 43457 | C81: 8300 | D81: 164 | E81: 105 | F81: MHI Vestas Offshore Wind A/S | G81: V164-8.0MW/8.3MW | H81: 561 | I81: Esbjerg | J81: HAV | K81: Horns Rev | L81: Hav | M81: 409143 | N81: 6176505 | O81: Stamdata | P81: WH3 A02 | Q81: MHI Vestas Offshore Wind A/S V164-8.0MW/8.3MW | R81: =_xlfn.IFERROR(INDEX('model_byCAP'!$D$2:$D$377,MATCH(Q81,'model_byCAP'!$A$2:$A$377,0)),0) -> MHI.Vestas.V164.8400
A82: 570715000001613523 | B82: 43457 | C82: 8300 | D82: 164 | E82: 105 | F82: MHI Vestas Offshore Wind A/S | G82: V164-8.0MW/8.3MW | H82: 561 | I82: Esbjerg | J82: HAV | K82: Horns Rev | L82: Hav | M82: 409638 | N82: 6175486 | O82: Stamdata | P82: WH3 A03 | Q82: MHI Vestas Offshore Wind A/S V164-8.0MW/8.3MW | R82: =_xlfn.IFERROR(INDEX('model_byCAP'!$D$2:$D$377,MATCH(Q82,'model_byCAP'!$A$2:$A$377,0)),0) -> MHI.Vestas.V164.8400
A83: 570715000001613530 | B83: 43457 | C83: 8300 | D83: 164 | E83: 105 | F83: MHI Vestas Offshore Wind A/S | G83: V164-8.0MW/8.3MW | H83: 561 | I83: Esbjerg | J83: HAV | K83: Horns Rev | L83: Hav | M83: 410064 | N83: 6174402 | O83: Stamdata | P83: WH3 A04 | Q83: MHI Vestas Offshore Wind A/S V164-8.0MW/8.3MW | R83: =_xlfn.IFERROR(INDEX('model_byCAP'!$D$2:$D$377,MATCH(Q83,'model_byCAP'!$A$2:$A$377,0)),0) -> MHI.Vestas.V164.8400
A84: 570715000001613547 | B84: 43457 | C84: 8300 | D84: 164 | E84: 105 | F84: MHI Vestas Offshore Wind A/S | G84: V164-8.0MW/8.3MW | H84: 561 | I84: Esbjerg | J84: HAV | K84: Horns Rev | L84: Hav | M84: 410241 | N84: 6173317 | O84: Stamdata | P84: WH3 A05 | Q84: MHI Vestas Offshore Wind A/S V164-8.0MW/8.3MW | R84: =_xlfn.IFERROR(INDEX('model_byCAP'!$D$2:$D$377,MATCH(Q84,'model_byCAP'!$A$2:$A$377,0)),0) -> MHI.Vestas.V164.8400
A85: 570715000001613554 | B85: 43457 | C85: 8300 | D85: 164 | E85: 105 | F85: MHI Vestas Offshore Wind A/S | G85: V164-8.0MW/8.3MW | H85: 561 | I85: Esbjerg | J85: HAV | K85: Horns Rev | L85: Hav | M85: 410328 | N85: 6172214 | O85: Stamdata | P85: WH3 A06 | Q85: MHI Vestas Offshore Wind A/S V164-8.0MW/8.3MW | R85: =_xlfn.IFERROR(INDEX('model_byCAP'!$D$2:$D$377,MATCH(Q85,'model_byCAP'!$A$2:$A$377,0)),0) -> MHI.Vestas.V164.8400
A86: 570715000001613561 | B86: 43457 | C86: 8300 | D86: 164 | E86: 105 | F86: MHI Vestas Offshore Wind A/S | G86: V164-8.0MW/8.3MW | H86: 561 | I86: Esbjerg | J86: HAV | K86: Horns Rev | L86: Hav | M86: 410568 | N86: 6177763 | O86: Stamdata | P86: WH3 B01 | Q86: MHI Vestas Offshore Wind A/S V164-8.0MW/8.3MW | R86: =_xlfn.IFERROR(INDEX('model_byCAP'!$D$2:$D$377,MATCH(Q86,'model_byCAP'!$A$2:$A$377,0)),0) -> MHI.Vestas.V164.8400
A87: 570715000001613578 | B87: 43457 | C87: 8300 | D87: 164 | E87: 105 | F87: MHI Vestas Offshore Wind A/S | G87: V164-8.0MW/8.3MW | H87: 561 | I87: Esbjerg | J87: HAV | K87: Horns Rev | L87: Hav | M87: 412347 | N87: 6177795 | O87: Stamdata | P87: WH3 C01 | Q87: MHI Vestas Offshore Wind A/S V164-8.0MW/8.3MW | R87: =_xlfn.IFERROR(INDEX('model_byCAP'!$D$2:$D$377,MATCH(Q87,'model_byCAP'!$A$2:$A$377,0)),0) -> MHI.Vestas.V164.8400
A88: 570715000001613585 | B88: 43457 | C88: 8300 | D88: 164 | E88: 105 | F88: MHI Vestas Offshore Wind A/S | G88: V164-8.0MW/8.3MW | H88: 561 | I88: Esbjerg | J88: HAV | K88: Horns Rev | L88: Hav | M88: 412152 | N88: 6176707 | O88: Stamdata | P88: WH3 C02 | Q88: MHI Vestas Offshore Wind A/S V164-8.0MW/8.3MW | R88: =_xlfn.IFERROR(INDEX('model_byCAP'!$D$2:$D$377,MATCH(Q88,'model_byCAP'!$A$2:$A$377,0)),0) -> MHI.Vestas.V164.8400
A89: 570715000001613592 | B89: 43457 | C89: 8300 | D89: 164 | E89: 105 | F89: MHI Vestas Offshore Wind A/S | G89: V164-8.0MW/8.3MW | H89: 561 | I89: Esbjerg | J89: HAV | K89: Horns Rev | L89: Hav | M89: 412028 | N89: 6175608 | O89: Stamdata | P89: WH3 C03 | Q89: MHI Vestas Offshore Wind A/S V164-8.0MW/8.3MW | R89: =_xlfn.IFERROR(INDEX('model_byCAP'!$D$2:$D$377,MATCH(Q89,'model_byCAP'!$A$2:$A$377,0)),0) -> MHI.Vestas.V164.8400
A90: 570715000001613608 | B90: 43457 | C90: 8300 | D90: 164 | E90: 105 | F90: MHI Vestas Offshore Wind A/S | G90: V164-8.0MW/8.3MW | H90: 561 | I90: Esbjerg | J90: HAV | K90: Horns Rev | L90: Hav | M90: 411974 | N90: 6174504 | O90: Stamdata | P90: WH3 C04 | Q90: MHI Vestas Offshore Wind A/S V164-8.0MW/8.3MW | R90: =_xlfn.IFERROR(INDEX('model_byCAP'!$D$2:$D$377,MATCH(Q90,'model_byCAP'!$A$2:$A$377,0)),0) -> MHI.Vestas.V164.8400
A91: 570715000001613615 | B91: 43457 | C91: 8300 | D91: 164 | E91: 105 | F91: MHI Vestas Offshore Wind A/S | G91: V164-8.0MW/8.3MW | H91: 561 | I91: Esbjerg | J91: HAV | K91: Horns Rev | L91: Hav | M91: 411990 | N91: 6173399 | O91: Stamdata | P91: WH3 C05 | Q91: MHI Vestas Offshore Wind A/S V164-8.0MW/8.3MW | R91: =_xlfn.IFERROR(INDEX('model_byCAP'!$D$2:$D$377,MATCH(Q91,'model_byCAP'!$A$2:$A$377,0)),0) -> MHI.Vestas.V164.8400
... A128: 570715000001613981 | B128: 43457 | C128: 8300 | D128: 164 | E128: 105 | F128: MHI Vestas Offshore Wind A/S | G128: V164-8.0MW/8.3MW | H128: 561 | I128: Esbjerg | J128: HAV | K128: Horns Rev | L128: Hav | M128: 422847 | N128: 6171427 | O128: Stamdata | P128: WH3 J01 | Q128: MHI Vestas Offshore Wind A/S V164-8.0MW/8.3MW | R128: =_xlfn.IFERROR(INDEX('model_byCAP'!$D$2:$D$377,MATCH(Q128,'model_byCAP'!$A$2:$A$377,0)),0) -> MHI.Vestas.V164.8400
A129: 571313134402411891 | B129: 42372 | C129: 8000 | D129: 164 | E129: 118 | F129: Vestas Wind Systems A/S | G129: V164-8MW | H129: 561 | I129: Esbjerg | J129: LAND | K129: Esbjerg Jorde | L129: 5k | M129: 469033 | N129: 6145290 | O129: SDFE2018 | P129: 344241189 | Q129: Vestas Wind Systems A/S V164-8MW | R129: =_xlfn.IFERROR(INDEX('model_byCAP'!$D$2:$D$377,MATCH(Q129,'model_byCAP'!$A$2:$A$377,0)),0) -> Vestas.V164.8000
A130: 571313134402411907 | B130: 42356 | C130: 8000 | D130: 164 | E130: 118 | F130: Vestas Wind Systems A/S | G130: V164-8MW | H130: 561 | I130: Esbjerg | J130: LAND | K130: Esbjerg Jorde | L130: 5k | M130: 469542 | N130: 6145189 | O130: SDFE2018 | P130: 344241190 | Q130: Vestas Wind Systems A/S V164-8MW | R130: =_xlfn.IFERROR(INDEX('model_byCAP'!$D$2:$D$377,MATCH(Q130,'model_byCAP'!$A$2:$A$377,0)),0) -> Vestas.V164.8000
A131: 570715000001554987 | B131: 42783 | C131: 8000 | D131: 154 | E131: 120.5 | F131: Siemens Wind Power A/S | G131: SWT 8.0-154 | H131: 787 | I131: Thisted | J131: LAND | K131: Østrild by, Østerild | L131: 4m | M131: 492965.55 | N131: 6323732.3 | O131: SDFE2018 | P131: 3492005 | Q131: Siemens Wind Power A/S SWT 8.0-154 | R131: =_xlfn.IFERROR(INDEX('model_byCAP'!$D$2:$D$377,MATCH(Q131,'model_byCAP'!$A$2:$A$377,0)),0) -> Siemens.SWT.8.0.154
A132: 571313134701404280 | B132: 43148 | C132: 7000 | D132: 154 | E132: 85.3 | F132: Siemens Wind Power A/S | G132: SWT-7.0-154 | H132: 665 | I132: Lemvig | J132: HAV | K132: 99999x | L132: 99999x | M132: 453510 | N132: 6280335 | O132: Stamdata | Q132: Siemens Wind Power A/S SWT-7.0-154 | R132: =_xlfn.IFERROR(INDEX('model_byCAP'!$D$2:$D$377,MATCH(Q132,'model_byCAP'!$A$2:$A$377,0)),0) -> Siemens.Gamesa.SG.7.0.154
A133: 571313134702404289 | B133: 43148 | C133: 7000 | D133: 154 | E133: 85.3 | F133: Siemens Wind Power A/S | G133: SWT-7.0-154 | H133: 665 | I133: Lemvig | J133: HAV | K133: 99999X | L133: 99999X | M133: 453064 | N133: 6281196 | O133: Stamdata | Q133: Siemens Wind Power A/S SWT-7.0-154 | R133: =_xlfn.IFERROR(INDEX('model_byCAP'!$D$2:$D$377,MATCH(Q133,'model_byCAP'!$A$2:$A$377,0)),0) -> Siemens.Gamesa.SG.7.0.154
A134: 571313134703404288 | B134: 43148 | C134: 7000 | D134: 154 | E134: 85.3 | F134: Siemens Wind Power A/S | G134: SWT-7.0-154 | H134: 665 | I134: Lemvig | J134: HAV | K134: 99999X | L134: 99999X | M134: 454407 | N134: 6280817 | O134: Stamdata | Q134: Siemens Wind Power A/S SWT-7.0-154 | R134: =_xlfn.IFERROR(INDEX('model_byCAP'!$D$2:$D$377,MATCH(Q134,'model_byCAP'!$A$2:$A$377,0)),0) -> Siemens.Gamesa.SG.7.0.154
A135: 571313134704404287 | B135: 43148 | C135: 7000 | D135: 154 | E135: 85.3 | F135: Siemens Wind Power A/S | G135: SWT-7.0-154 | H135: 665 | I135: Lemvig | J135: HAV | K135: 99999X | L135: 99999X | M135: 454153 | N135: 6281691 | O135: Stamdata | Q135: Siemens Wind Power A/S SWT-7.0-154 | R135: =_xlfn.IFERROR(INDEX('model_byCAP'!$D$2:$D$377,MATCH(Q135,'model_byCAP'!$A$2:$A$377,0)),0) -> Siemens.Gamesa.SG.7.0.154
A136: 570715000001485021 | B136: 42348 | C136: 7000 | D136: 154 | E136: 120 | F136: Ukendt | G136: Ukendt | H136: 787 | I136: Thisted | J136: LAND | K136: Østerild By Østerild | L136: 4u | M136: 492966 | N136: 6323126 | O136: Stamdata | P136: 3493005 | Q136: Ukendt Ukendt | R136: =_xlfn.IFERROR(INDEX('model_byCAP'!$D$2:$D$377,MATCH(Q136,'model_byCAP'!$A$2:$A$377,0)),0) -> 0
A137: 571313134700404526 | B137: 44451 | C137: 6600 | D137: 170 | E137: 115 | F137: Siemens Wind Power A/S | G137: SG 8.0-167 DD | H137: 665 | I137: Lemvig | J137: LAND | K137: Høvsøre Enge, Fjaltring | L137: xx | M137: 447219.8 | N137: 6254969.4 | O137: Stamdata | Q137: Siemens Wind Power A/S SG 8.0-167 DD | R137: =_xlfn.IFERROR(INDEX('model_byCAP'!$D$2:$D$377,MATCH(Q137,'model_byCAP'!$A$2:$A$377,0)),0) -> Siemens.Gamesa.SG.8.0.167
A138: 571313134808512710 | B138: 41435 | C138: 6000 | D138: 121 | E138: 89 | F138: Siemens Wind Power A/S | G138: SWT-6.0-120 | H138: 760 | I138: Ringkøbing-Skjern | J138: LAND | K138: Hee, Den nordlige del | L138: 5f | M138: 455150.02 | N138: 6226178 | O138: SDFE2018 | P138: 85127 | Q138: Siemens Wind Power A/S SWT-6.0-120 | R138: =_xlfn.IFERROR(INDEX('model_byCAP'!$D$2:$D$377,MATCH(Q138,'model_byCAP'!$A$2:$A$377,0)),0) -> Siemens.Gamesa.SG.6.0.154
A139: 571313134808513311 | B139: 41620 | C139: 6000 | D139: 121 | E139: 89 | F139: Siemens Wind Power A/S | G139: SWT-6.0-120 | H139: 760 | I139: Ringkøbing-Skjern | J139: LAND | K139: Sønden Åen, Tim | L139: 3ø | M139: 454978.53 | N139: 6226439.9 | O139: SDFE2018 | P139: 85133 | Q139: Siemens Wind Power A/S SWT-6.0-120 | R139: =_xlfn.IFERROR(INDEX('model_byCAP'!$D$2:$D$377,MATCH(Q139,'model_byCAP'!$A$2:$A$377,0)),0) -> Siemens.Gamesa.SG.6.0.154
A140: 571313134808513410 | B140: 41612 | C140: 6000 | D140: 121 | E140: 89 | F140: Siemens Wind Power A/S | G140: SWT-6.0-120 | H140: 760 | I140: Ringkøbing-Skjern | J140: LAND | K140: Sønden Åen, Tim | L140: 3æ | M140: 454806.08 | N140: 6226700.9 | O140: SDFE2018 | P140: 85134 | Q140: Siemens Wind Power A/S SWT-6.0-120 | R140: =_xlfn.IFERROR(INDEX('model_byCAP'!$D$2:$D$377,MATCH(Q140,'model_byCAP'!$A$2:$A$377,0)),0) -> Siemens.Gamesa.SG.6.0.154
A141: 571313134808513519 | B141: 41599 | C141: 6000 | D141: 121 | E141: 89 | F141: Siemens Wind Power A/S | G141: SWT-6.0-120 | H141: 760 | I141: Ringkøbing-Skjern | J141: LAND | K141: Sønden Åen, Tim | L141: 2bi | M141: 454635.85 | N141: 6226960.9 | O141: SDFE2018 | P141: 85135 | Q141: Siemens Wind Power A/S SWT-6.0-120 | R141: =_xlfn.IFERROR(INDEX('model_byCAP'!$D$2:$D$377,MATCH(Q141,'model_byCAP'!$A$2:$A$377,0)),0) -> Siemens.Gamesa.SG.6.0.154
A142: 571313134808513618 | B142: 41592 | C142: 6000 | D142: 121 | E142: 89 | F142: Siemens Wind Power A/S | G142: SWT-6.0-120 | H142: 760 | I142: Ringkøbing-Skjern | J142: LAND | K142: Sønden Åen, Tim | L142: 2bl | M142: 454455.91 | N142: 6227232.5 | O142: SDFE2018 | P142: 85132 | Q142: Siemens Wind Power A/S SWT-6.0-120 | R142: =_xlfn.IFERROR(INDEX('model_byCAP'!$D$2:$D$377,MATCH(Q142,'model_byCAP'!$A$2:$A$377,0)),0) -> Siemens.Gamesa.SG.6.0.154
A143: 571313134808513717 | B143: 41582 | C143: 6000 | D143: 121 | E143: 89 | F143: Siemens Wind Power A/S | G143: SWT-6.0-120 | H143: 760 | I143: Ringkøbing-Skjern | J143: LAND | K143: Sønden Åen, Tim | L143: 2bk | M143: 454283.34 | N143: 6227493.8 | O143: SDFE2018 | P143: 85137 | Q143: Siemens Wind Power A/S SWT-6.0-120 | R143: =_xlfn.IFERROR(INDEX('model_byCAP'!$D$2:$D$377,MATCH(Q143,'model_byCAP'!$A$2:$A$377,0)),0) -> Siemens.Gamesa.SG.6.0.154
A144: 570715000001506887 | B144: 42536 | C144: 6000 | D144: 151 | E144: 104 | F144: Ukendt | G144: Ukendt | H144: 787 | I144: Thisted | J144: LAND | K144: Østrind by | L144: 10g | M144: 492968.36 | N144: 6326730.7 | O144: SDFE2018 | P144: 3487003 | Q144: Ukendt Ukendt | R144: =_xlfn.IFERROR(INDEX('model_byCAP'!$D$2:$D$377,MATCH(Q144,'model_byCAP'!$A$2:$A$377,0)),0) -> 0
A145: 570715000001663429 | B145: 44006 | C145: 6000 | D145: 150 | E145: 140 | F145: Ukendt | G145: Ukendt | H145: 787 | I145: Thisted | J145: LAND | K145: Hjardemål klit, Hjardemål | L145: 34 | M145: 493010 | N145: 6325528 | O145: Stamdata | P145: 3488005 | Q145: Ukendt Ukendt | R145: =_xlfn.IFERROR(INDEX('model_byCAP'!$D$2:$D$377,MATCH(Q145,'model_byCAP'!$A$2:$A$377,0)),0) -> 0
A146: 570715000001663436 | B146: 44167 | C146: 6000 | D146: 162 | E146: 140 | F146: Ukendt | G146: Ukendt | H146: 787 | I146: Thisted | J146: LAND | K146: Hjardemål klit, Hjardemål | L146: 34g | M146: 492970 | N146: 6324928 | O146: Stamdata | P146: 3490007 | Q146: Ukendt Ukendt | R146: =_xlfn.IFERROR(INDEX('model_byCAP'!$D$2:$D$377,MATCH(Q146,'model_byCAP'!$A$2:$A$377,0)),0) -> 0
A147: 571313134803289907 | B147: 44183 | C147: 5600 | D147: 150 | E147: 125 | F147: Vestas Wind Systems A/S | G147: V150-5,6 MW | H147: 760 | I147: Ringkøbing-Skjern | J147: LAND | K147: Venner By, Velling | L147: 1ax | M147: 457413 | N147: 6209509 | O147: Stamdata | Q147: Vestas Wind Systems A/S V150-5,6 MW | R147: =_xlfn.IFERROR(INDEX('model_byCAP'!$D$2:$D$377,MATCH(Q147,'model_byCAP'!$A$2:$A$377,0)),0) -> Vestas.V150.4000
A148: 571313134803289914 | B148: 44183 | C148: 5600 | D148: 162 | E148: 119 | F148: Vestas Wind Systems A/S | G148: V162-5,6 MW | H148: 760 | I148: Ringkøbing-Skjern | J148: LAND | K148: Venner By, Velling | L148: 16 | M148: 457512 | N148: 6208823 | O148: Stamdata | Q148: Vestas Wind Systems A/S V162-5,6 MW | R148: =_xlfn.IFERROR(INDEX('model_byCAP'!$D$2:$D$377,MATCH(Q148,'model_byCAP'!$A$2:$A$377,0)),0) -> Vestas.V150.4000
A149: 570715000001669469 | B149: 44533 | C149: 5500 | D149: 158 | E149: 118.6 | F149: Eget fabrikat | G149: Ukendt-Eget fabrikat | H149: 153 | I149: Brøndby | J149: LAND | K149: Brøndbyvester By, Brøndbyvester | L149: 33ez | M149: 492926 | N149: 6322069 | O149: Stamdata | P149: 3508003 | Q149: Eget fabrikat Ukendt-Eget fabrikat | R149: =_xlfn.IFERROR(INDEX('model_byCAP'!$D$2:$D$377,MATCH(Q149,'model_byCAP'!$A$2:$A$377,0)),0) -> Gamesa.G128.5000
A150: 571313134700404458 | B150: 44029 | C150: 5000 | D150: 145 | E150: 127.5 | F150: Siemens Wind Power A/S | G150: SG4.5-145 | H150: 665 | I150: Lemvig | J150: LAND | K150: Rysensten Hgd | L150: 1u | M150: 447692.73 | N150: 6256235.4 | O150: Stamdata | P150: 40445 | Q150: Siemens Wind Power A/S SG4.5-145 | R150: =_xlfn.IFERROR(INDEX('model_byCAP'!$D$2:$D$377,MATCH(Q150,'model_byCAP'!$A$2:$A$377,0)),0) -> Siemens.Gamesa.SG.4.5.145
A151: 570715000002018785 | B151: 44140 | C151: 5000 | D151: 132 | E151: 84 | F151: Ukendt | G151: Ukendt | H151: 671 | I151: Struer | J151: LAND | K151: Lyngs by, Lyngs | L151: 14b | M151: 467753.44 | N151: 6281164.4 | O151: Stamdata | Q151: Ukendt Ukendt | R151: =_xlfn.IFERROR(INDEX('model_byCAP'!$D$2:$D$377,MATCH(Q151,'model_byCAP'!$A$2:$A$377,0)),0) -> 0
A152: 570715000002018792 | B152: 44140 | C152: 5000 | D152: 132 | E152: 84 | F152: Ukendt | G152: Ukendt | H152: 671 | I152: Struer | J152: LAND | K152: Lyngs by, Lyngs | L152: 14b | M152: 467931.63 | N152: 6280888.4 | O152: Stamdata | Q152: Ukendt Ukendt | R152: =_xlfn.IFERROR(INDEX('model_byCAP'!$D$2:$D$377,MATCH(Q152,'model_byCAP'!$A$2:$A$377,0)),0) -> 0
A153: 570715000002018808 | B153: 44140 | C153: 5000 | D153: 132 | E153: 84 | F153: Ukendt | G153: Ukendt | H153: 671 | I153: Struer | J153: LAND | K153: Lyngs by, Lyngs | L153: 14b | M153: 468109.83 | N153: 6280612.4 | O153: Stamdata | Q153: Ukendt Ukendt | R153: =_xlfn.IFERROR(INDEX('model_byCAP'!$D$2:$D$377,MATCH(Q153,'model_byCAP'!$A$2:$A$377,0)),0) -> 0
A154: 571313134700404441 | B154: 43124 | C154: 4300 | D154: 130 | E154: 99.5 | F154: SIEMENS | G154: Ukendt-Simens | H154: 665 | I154: Lemvig | J154: LAND | K154: Den nordlige Del, Bøvling | L154: 43q | M154: 447658.28 | N154: 6255634.8 | O154: SDFE2018 | P154: 40444 | Q154: SIEMENS Ukendt-Simens | R154: =_xlfn.IFERROR(INDEX('model_byCAP'!$D$2:$D$377,MATCH(Q154,'model_byCAP'!$A$2:$A$377,0)),0) -> Siemens.SWT.3.0.101
A155: 571313134499499024 | B155: 43869 | C155: 4300 | D155: 130 | E155: 85 | F155: SIEMENS | G155: SWT-DD-130 Mode 1 | H155: 820 | I155: Vesthimmerlands | J155: LAND | K155: Thorup By, Aggersborg | L155: 5b | M155: 513455 | N155: 6318326 | O155: Stamdata | P155: 23163046 | Q155: SIEMENS SWT-DD-130 Mode 1 | R155: =_xlfn.IFERROR(INDEX('model_byCAP'!$D$2:$D$377,MATCH(Q155,'model_byCAP'!$A$2:$A$377,0)),0) -> Siemens.SWT.4.3.130
A156: 571313134499499031 | B156: 43869 | C156: 4300 | D156: 130 | E156: 85 | F156: SIEMENS | G156: SWT-DD-130 Mode 1 | H156: 820 | I156: Vesthimmerlands | J156: LAND | K156: Thorup By, Aggersborg | L156: 4a | M156: 513310 | N156: 6318613 | O156: Stamdata | P156: 23163047 | Q156: SIEMENS SWT-DD-130 Mode 1 | R156: =_xlfn.IFERROR(INDEX('model_byCAP'!$D$2:$D$377,MATCH(Q156,'model_byCAP'!$A$2:$A$377,0)),0) -> Siemens.SWT.4.3.130
A157: 571313134499499048 | B157: 43869 | C157: 4300 | D157: 130 | E157: 85 | F157: SIEMENS | G157: SWT-DD-130 Mode 1 | H157: 820 | I157: Vesthimmerlands | J157: LAND | K157: Thorup By, Aggersborg | L157: 2e | M157: 513164 | N157: 6318900 | O157: Stamdata | P157: 23163048 | Q157: SIEMENS SWT-DD-130 Mode 1 | R157: =_xlfn.IFERROR(INDEX('model_byCAP'!$D$2:$D$377,MATCH(Q157,'model_byCAP'!$A$2:$A$377,0)),0) -> Siemens.SWT.4.3.130
A158: 571313134499499055 | B158: 43875 | C158: 4300 | D158: 130 | E158: 85 | F158: SIEMENS | G158: SWT-DD-130 Mode 1 | H158: 820 | I158: Vesthimmerlands | J158: LAND | K158: Ullerup By, Aggersborg | L158: 13g | M158: 513023 | N158: 6319180 | O158: Stamdata | P158: 23163049 | Q158: SIEMENS SWT-DD-130 Mode 1 | R158: =_xlfn.IFERROR(INDEX('model_byCAP'!$D$2:$D$377,MATCH(Q158,'model_byCAP'!$A$2:$A$377,0)),0) -> Siemens.SWT.4.3.130
A159: 571313134499499062 | B159: 43889 | C159: 4300 | D159: 130 | E159: 85 | F159: SIEMENS | G159: SWT-DD-130 Mode 1 | H159: 820 | I159: Vesthimmerlands | J159: LAND | K159: Ullerup By, Aggersborg | L159: 12f | M159: 512885 | N159: 6319453 | O159: Stamdata | P159: 23163050 | Q159: SIEMENS SWT-DD-130 Mode 1 | R159: =_xlfn.IFERROR(INDEX('model_byCAP'!$D$2:$D$377,MATCH(Q159,'model_byCAP'!$A$2:$A$377,0)),0) -> Siemens.SWT.4.3.130
A160: 571313134499499123 | B160: 43869 | C160: 4300 | D160: 130 | E160: 85 | F160: SIEMENS | G160: SWT-DD-130 Mode 1 | H160: 820 | I160: Vesthimmerlands | J160: LAND | K160: Thorup By, Aggersborg | L160: 3e | M160: 513734 | N160: 6318663 | O160: Stamdata | P160: 23163056 | Q160: SIEMENS SWT-DD-130 Mode 1 | R160: =_xlfn.IFERROR(INDEX('model_byCAP'!$D$2:$D$377,MATCH(Q160,'model_byCAP'!$A$2:$A$377,0)),0) -> Siemens.SWT.4.3.130
A161: 571313134499499130 | B161: 43869 | C161: 4300 | D161: 130 | E161: 85 | F161: SIEMENS | G161: SWT-DD-130 Mode 1 | H161: 820 | I161: Vesthimmerlands | J161: LAND | K161: Thorup By, Aggersborg | L161: 1h | M161: 513588 | N161: 6318951 | O161: Stamdata | P161: 23163057 | Q161: SIEMENS SWT-DD-130 Mode 1 | R161: =_xlfn.IFERROR(INDEX('model_byCAP'!$D$2:$D$377,MATCH(Q161,'model_byCAP'!$A$2:$A$377,0)),0) -> Siemens.SWT.4.3.130
A162: 571313134499499147 | B162: 43883 | C162: 4300 | D162: 130 | E162: 85 | F162: SIEMENS | G162: SWT-DD-130 Mode 1 | H162: 820 | I162: Vesthimmerlands | J162: LAND | K162: Ullerup By, Aggersborg | L162: 12o | M162: 513443 | N162: 6319238 | O162: Stamdata | P162: 23163058 | Q162: SIEMENS SWT-DD-130 Mode 1 | R162: =_xlfn.IFERROR(INDEX('model_byCAP'!$D$2:$D$377,MATCH(Q162,'model_byCAP'!$A$2:$A$377,0)),0) -> Siemens.SWT.4.3.130
A163: 571313134499499154 | B163: 43894 | C163: 4300 | D163: 130 | E163: 85 | F163: SIEMENS | G163: SWT-DD-130 Mode 1 | H163: 820 | I163: Vesthimmerlands | J163: LAND | K163: Ullerup By, Aggersborg | L163: 14f | M163: 513297 | N163: 6319528 | O163: Stamdata | P163: 23163059 | Q163: SIEMENS SWT-DD-130 Mode 1 | R163: =_xlfn.IFERROR(INDEX('model_byCAP'!$D$2:$D$377,MATCH(Q163,'model_byCAP'!$A$2:$A$377,0)),0) -> Siemens.SWT.4.3.130
A164: 571313134499499079 | B164: 43911 | C164: 4300 | D164: 130 | E164: 85 | F164: SIEMENS | G164: SWT-DD-130 Mode 1 | H164: 849 | I164: Jammerbugt | J164: LAND | K164: Gøttrup By, Gøttrup | L164: 125 | M164: 512732 | N164: 6319754 | O164: Stamdata | P164: 23163051 | Q164: SIEMENS SWT-DD-130 Mode 1 | R164: =_xlfn.IFERROR(INDEX('model_byCAP'!$D$2:$D$377,MATCH(Q164,'model_byCAP'!$A$2:$A$377,0)),0) -> Siemens.SWT.4.3.130
A165: 571313134499499086 | B165: 43917 | C165: 4300 | D165: 130 | E165: 85 | F165: SIEMENS | G165: SWT-DD-130 Mode 1 | H165: 849 | I165: Jammerbugt | J165: LAND | K165: Gøttrup By, Gøttrup | L165: 126 | M165: 512580 | N165: 6320056 | O165: Stamdata | P165: 23163052 | Q165: SIEMENS SWT-DD-130 Mode 1 | R165: =_xlfn.IFERROR(INDEX('model_byCAP'!$D$2:$D$377,MATCH(Q165,'model_byCAP'!$A$2:$A$377,0)),0) -> Siemens.SWT.4.3.130
A166: 571313134499499093 | B166: 43929 | C166: 4300 | D166: 130 | E166: 85 | F166: SIEMENS | G166: SWT-DD-130 Mode 1 | H166: 849 | I166: Jammerbugt | J166: LAND | K166: GøttrupBy, Gøttrup | L166: 47aq | M166: 512438 | N166: 6320336 | O166: Stamdata | P166: 23163053 | Q166: SIEMENS SWT-DD-130 Mode 1 | R166: =_xlfn.IFERROR(INDEX('model_byCAP'!$D$2:$D$377,MATCH(Q166,'model_byCAP'!$A$2:$A$377,0)),0) -> Siemens.SWT.4.3.130
A167: 571313134499499109 | B167: 43927 | C167: 4300 | D167: 130 | E167: 85 | F167: SIEMENS | G167: SWT-DD-130 Mode 1 | H167: 849 | I167: Jammerbugt | J167: LAND | K167: GøttrupBy, Gøttrup | L167: 47ar | M167: 512293 | N167: 6320624 | O167: Stamdata | P167: 23163054 | Q167: SIEMENS SWT-DD-130 Mode 1 | R167: =_xlfn.IFERROR(INDEX('model_byCAP'!$D$2:$D$377,MATCH(Q167,'model_byCAP'!$A$2:$A$377,0)),0) -> Siemens.SWT.4.3.130
A168: 571313134499499116 | B168: 43932 | C168: 4300 | D168: 130 | E168: 85 | F168: SIEMENS | G168: SWT-DD-130 Mode 1 | H168: 849 | I168: Jammerbugt | J168: LAND | K168: Gøttrup By, Gøttrup | L168: 47as | M168: 512148 | N168: 6320911 | O168: Stamdata | P168: 23163055 | Q168: SIEMENS SWT-DD-130 Mode 1 | R168: =_xlfn.IFERROR(INDEX('model_byCAP'!$D$2:$D$377,MATCH(Q168,'model_byCAP'!$A$2:$A$377,0)),0) -> Siemens.SWT.4.3.130
A169: 571313134499499178 | B169: 43901 | C169: 4300 | D169: 130 | E169: 85 | F169: SIEMENS | G169: SWT-DD-130 Mode 1 | H169: 849 | I169: Jammerbugt | J169: LAND | K169: Gøttrup By, Gøttrup | L169: 127 | M169: 513150 | N169: 6319820 | O169: Stamdata | P169: 23163060 | Q169: SIEMENS SWT-DD-130 Mode 1 | R169: =_xlfn.IFERROR(INDEX('model_byCAP'!$D$2:$D$377,MATCH(Q169,'model_byCAP'!$A$2:$A$377,0)),0) -> Siemens.SWT.4.3.130
A170: 571313134499499185 | B170: 43915 | C170: 4300 | D170: 130 | E170: 85 | F170: SIEMENS | G170: SWT-DD-130 Mode 1 | H170: 849 | I170: Jammerbugt | J170: LAND | K170: Gøttrup By, Gøttrup | L170: 128 | M170: 513011 | N170: 6320092 | O170: Stamdata | P170: 23163061 | Q170: SIEMENS SWT-DD-130 Mode 1 | R170: =_xlfn.IFERROR(INDEX('model_byCAP'!$D$2:$D$377,MATCH(Q170,'model_byCAP'!$A$2:$A$377,0)),0) -> Siemens.SWT.4.3.130
A171: 571313134499499192 | B171: 43923 | C171: 4300 | D171: 130 | E171: 85 | F171: SIEMENS | G171: SWT-DD-130 Mode 1 | H171: 849 | I171: Jammerbugt | J171: LAND | K171: Gøttrup By, Gøttrup | L171: 47at | M171: 512863 | N171: 6320387 | O171: Stamdata | P171: 23163062 | Q171: SIEMENS SWT-DD-130 Mode 1 | R171: =_xlfn.IFERROR(INDEX('model_byCAP'!$D$2:$D$377,MATCH(Q171,'model_byCAP'!$A$2:$A$377,0)),0) -> Siemens.SWT.4.3.130
A172: 571313134499499208 | B172: 43921 | C172: 4300 | D172: 130 | E172: 85 | F172: SIEMENS | G172: SWT-DD-130 Mode 1 | H172: 849 | I172: Jammerbugt | J172: LAND | K172: Gøttrup By, Gøttrup | L172: 47au | M172: 512718 | N172: 6320674 | O172: Stamdata | P172: 23163063 | Q172: SIEMENS SWT-DD-130 Mode 1 | R172: =_xlfn.IFERROR(INDEX('model_byCAP'!$D$2:$D$377,MATCH(Q172,'model_byCAP'!$A$2:$A$377,0)),0) -> Siemens.SWT.4.3.130
A173: 571313113162970299 | B173: 44522 | C173: 4200 | D173: 136 | E173: 82 | F173: Vestas Wind Systems A/S | G173: V136-4.2 MW | H173: 846 | I173: Mariagerfjord | J173: LAND | K173: Veddum by, Skelund 641052 | L173: 15a | M173: 573124.3 | N173: 6293805 | O173: Stamdata | Q173: Vestas Wind Systems A/S V136-4.2 MW | R173: =_xlfn.IFERROR(INDEX('model_byCAP'!$D$2:$D$377,MATCH(Q173,'model_byCAP'!$A$2:$A$377,0)),0) -> Vestas.V136.4000
A174: 571313113162970336 | B174: 44522 | C174: 4200 | D174: 136 | E174: 82 | F174: Vestas Wind Systems A/S | G174: V136-4.2 MW | H174: 846 | I174: Mariagerfjord | J174: LAND | K174: Veddum by, Skelund 641052 | L174: 15a | M174: 573022.1 | N174: 6294158.5 | O174: Stamdata | Q174: Vestas Wind Systems A/S V136-4.2 MW | R174: =_xlfn.IFERROR(INDEX('model_byCAP'!$D$2:$D$377,MATCH(Q174,'model_byCAP'!$A$2:$A$377,0)),0) -> Vestas.V136.4000
A175: 571313113162970367 | B175: 44523 | C175: 4200 | D175: 136 | E175: 82 | F175: Vestas Wind Systems A/S | G175: V136-4.2 MW | H175: 846 | I175: Mariagerfjord | J175: LAND | K175: Veddum by, Skelund 641052 | L175: 12s | M175: 572919.9 | N175: 6294512 | O175: Stamdata | Q175: Vestas Wind Systems A/S V136-4.2 MW | R175: =_xlfn.IFERROR(INDEX('model_byCAP'!$D$2:$D$377,MATCH(Q175,'model_byCAP'!$A$2:$A$377,0)),0) -> Vestas.V136.4000
A176: 571313113162970404 | B176: 44537 | C176: 4200 | D176: 136 | E176: 82 | F176: Vestas Wind Systems A/S | G176: V136-4.2 MW | H176: 846 | I176: Mariagerfjord | J176: LAND | K176: Veddum by, Skelund 641052 | L176: 19h | M176: 572817.7 | N176: 6294865.5 | O176: Stamdata | Q176: Vestas Wind Systems A/S V136-4.2 MW | R176: =_xlfn.IFERROR(INDEX('model_byCAP'!$D$2:$D$377,MATCH(Q176,'model_byCAP'!$A$2:$A$377,0)),0) -> Vestas.V136.4000
A177: 571313113162970534 | B177: 44537 | C177: 4200 | D177: 136 | E177: 82 | F177: Vestas Wind Systems A/S | G177: V136-4.2 MW | H177: 846 | I177: Mariagerfjord | J177: LAND | K177: Veddum by, Skelund 641052 | L177: 16q | M177: 572715.5 | N177: 6295219.1 | O177: Stamdata | Q177: Vestas Wind Systems A/S V136-4.2 MW | R177: =_xlfn.IFERROR(INDEX('model_byCAP'!$D$2:$D$377,MATCH(Q177,'model_byCAP'!$A$2:$A$377,0)),0) -> Vestas.V136.4000
A178: 571313113162970565 | B178: 44523 | C178: 4200 | D178: 136 | E178: 82 | F178: Vestas Wind Systems A/S | G178: V136-4.2 MW | H178: 846 | I178: Mariagerfjord | J178: LAND | K178: Veddum by, Skelund 641052 | L178: 20f | M178: 573457.4 | N178: 6294147.1 | O178: Stamdata | Q178: Vestas Wind Systems A/S V136-4.2 MW | R178: =_xlfn.IFERROR(INDEX('model_byCAP'!$D$2:$D$377,MATCH(Q178,'model_byCAP'!$A$2:$A$377,0)),0) -> Vestas.V136.4000
A179: 571313113162970596 | B179: 44523 | C179: 4200 | D179: 136 | E179: 82 | F179: Vestas Wind Systems A/S | G179: V136-4.2 MW | H179: 846 | I179: Mariagerfjord | J179: LAND | K179: Veddum by, Skelund 641052 | L179: 20f | M179: 573355.2 | N179: 6294500.6 | O179: Stamdata | Q179: Vestas Wind Systems A/S V136-4.2 MW | R179: =_xlfn.IFERROR(INDEX('model_byCAP'!$D$2:$D$377,MATCH(Q179,'model_byCAP'!$A$2:$A$377,0)),0) -> Vestas.V136.4000
A180: 571313113162970626 | B180: 44523 | C180: 4200 | D180: 136 | E180: 82 | F180: Vestas Wind Systems A/S | G180: V136-4.2 MW | H180: 846 | I180: Mariagerfjord | J180: LAND | K180: Veddum by, Skelund 641052 | L180: 33o | M180: 573252.9 | N180: 6294854.1 | O180: Stamdata | Q180: Vestas Wind Systems A/S V136-4.2 MW | R180: =_xlfn.IFERROR(INDEX('model_byCAP'!$D$2:$D$377,MATCH(Q180,'model_byCAP'!$A$2:$A$377,0)),0) -> Vestas.V136.4000
A181: 571313113162970657 | B181: 44537 | C181: 4200 | D181: 136 | E181: 82 | F181: Vestas Wind Systems A/S | G181: V136-4.2 MW | H181: 846 | I181: Mariagerfjord | J181: LAND | K181: Veddum by, Skelund 641052 | L181: 16b | M181: 573150.7 | N181: 6295207.6 | O181: Stamdata | Q181: Vestas Wind Systems A/S V136-4.2 MW | R181: =_xlfn.IFERROR(INDEX('model_byCAP'!$D$2:$D$377,MATCH(Q181,'model_byCAP'!$A$2:$A$377,0)),0) -> Vestas.V136.4000
A182: 570715000001658999 | B182: 43811 | C182: 4200 | D182: 136 | E182: 112 | F182: Ukendt | G182: Ukendt | H182: 860 | I182: Hjørring | J182: LAND | K182: Lunden | L182: 1 | M182: 559263 | N182: 6383621 | O182: Stamdata | P182: 190569107 | Q182: Ukendt Ukendt | R182: =_xlfn.IFERROR(INDEX('model_byCAP'!$D$2:$D$377,MATCH(Q182,'model_byCAP'!$A$2:$A$377,0)),0) -> 0
A183: 570715000001659156 | B183: 43817 | C183: 4200 | D183: 136 | E183: 112 | F183: Ukendt | G183: Ukendt | H183: 860 | I183: Hjørring | J183: LAND | K183: Lunden | L183: 1 | M183: 559323 | N183: 6383896 | O183: Stamdata | P183: 190569114 | Q183: Ukendt Ukendt | R183: =_xlfn.IFERROR(INDEX('model_byCAP'!$D$2:$D$377,MATCH(Q183,'model_byCAP'!$A$2:$A$377,0)),0) -> 0
A184: 570715000001659224 | B184: 43819 | C184: 4200 | D184: 136 | E184: 112 | F184: Ukendt | G184: Ukendt | H184: 860 | I184: Hjørring | J184: LAND | K184: Lunden | L184: 1 | M184: 559132 | N184: 6384110 | O184: Stamdata | P184: 190569121 | Q184: Ukendt Ukendt | R184: =_xlfn.IFERROR(INDEX('model_byCAP'!$D$2:$D$377,MATCH(Q184,'model_byCAP'!$A$2:$A$377,0)),0) -> 0
A185: 570715000001659231 | B185: 43818 | C185: 4200 | D185: 136 | E185: 112 | F185: Ukendt | G185: Ukendt | H185: 860 | I185: Hjørring | J185: LAND | K185: Lunden | L185: 1 | M185: 558745 | N185: 6384122 | O185: Stamdata | P185: 190569138 | Q185: Ukendt Ukendt | R185: =_xlfn.IFERROR(INDEX('model_byCAP'!$D$2:$D$377,MATCH(Q185,'model_byCAP'!$A$2:$A$377,0)),0) -> 0
A186: 570715000001596703 | B186: 43140 | C186: 4100 | D186: 142 | E186: 109 | F186: Siemens Wind Power A/S | G186: SWT 3.15-109-142 | H186: 756 | I186: Ikast-Brande | J186: LAND | K186: Skærlund By | L186: 16f | M186: 505679.74 | N186: 6195396.2 | O186: Stamdata | P186: 516209 | Q186: Siemens Wind Power A/S SWT 3.15-109-142 | R186: =_xlfn.IFERROR(INDEX('model_byCAP'!$D$2:$D$377,MATCH(Q186,'model_byCAP'!$A$2:$A$377,0)),0) -> Siemens.SWT.4.1.142
A187: 571313174001651632 | B187: 42860 | C187: 3600 | D187: 117 | E187: 91.5 | F187: Vestas Wind Systems A/S | G187: V117-3.6 MW | H187: 360 | I187: Lolland | J187: LAND | K187: Vesternæs by, Kappel | L187: 20g | M187: 628741.48 | N187: 6070741.7 | O187: SDFE2018 | P187: 61070533 | Q187: Vestas Wind Systems A/S V117-3.6 MW | R187: =_xlfn.IFERROR(INDEX('model_byCAP'!$D$2:$D$377,MATCH(Q187,'model_byCAP'!$A$2:$A$377,0)),0) -> Vestas.V117.4000
A188: 571313174001651649 | B188: 42851 | C188: 3600 | D188: 117 | E188: 116.5 | F188: Vestas Wind Systems A/S | G188: V117-3.6 MW | H188: 360 | I188: Lolland | J188: LAND | K188: Vesternæs by, Kappel | L188: 20h | M188: 628931.9 | N188: 6070480.7 | O188: SDFE2018 | P188: 61070543 | Q188: Vestas Wind Systems A/S V117-3.6 MW | R188: =_xlfn.IFERROR(INDEX('model_byCAP'!$D$2:$D$377,MATCH(Q188,'model_byCAP'!$A$2:$A$377,0)),0) -> Vestas.V117.4000
A189: 571313174001651663 | B189: 42823 | C189: 3600 | D189: 117 | E189: 116.5 | F189: Vestas Wind Systems A/S | G189: V117-3.6 MW | H189: 360 | I189: Lolland | J189: LAND | K189: Vesternæs by, Kappel | L189: 16g | M189: 629501.51 | N189: 6070103.2 | O189: SDFE2018 | P189: 61070576 | Q189: Vestas Wind Systems A/S V117-3.6 MW | R189: =_xlfn.IFERROR(INDEX('model_byCAP'!$D$2:$D$377,MATCH(Q189,'model_byCAP'!$A$2:$A$377,0)),0) -> Vestas.V117.4000
A190: 571313174001651687 | B190: 42814 | C190: 3600 | D190: 117 | E190: 91.5 | F190: Vestas Wind Systems A/S | G190: V117-3.6 MW | H190: 360 | I190: Lolland | J190: LAND | K190: Gottesgabe Hgd Kappel | L190: 1q | M190: 629770.6 | N190: 6069989.6 | O190: SDFE2018 | P190: 61070621 | Q190: Vestas Wind Systems A/S V117-3.6 MW | R190: =_xlfn.IFERROR(INDEX('model_byCAP'!$D$2:$D$377,MATCH(Q190,'model_byCAP'!$A$2:$A$377,0)),0) -> Vestas.V117.4000
A191: 571313174001651694 | B191: 42823 | C191: 3600 | D191: 117 | E191: 91.5 | F191: Vestas Wind Systems A/S | G191: V117-3.6 MW | H191: 360 | I191: Lolland | J191: LAND | K191: Vesternæs by, Kappel | L191: 16h | M191: 629486.2 | N191: 6070609.3 | O191: SDFE2018 | P191: 61070651 | Q191: Vestas Wind Systems A/S V117-3.6 MW | R191: =_xlfn.IFERROR(INDEX('model_byCAP'!$D$2:$D$377,MATCH(Q191,'model_byCAP'!$A$2:$A$377,0)),0) -> Vestas.V117.4000
A192: 571313174001651700 | B192: 42819 | C192: 3600 | D192: 117 | E192: 91.5 | F192: Vestas Wind Systems A/S | G192: V117-3.6 MW | H192: 360 | I192: Lolland | J192: LAND | K192: Vesternæs by, Kappel | L192: 50b | M192: 629881.14 | N192: 6070443.5 | O192: SDFE2018 | P192: 61070660 | Q192: Vestas Wind Systems A/S V117-3.6 MW | R192: =_xlfn.IFERROR(INDEX('model_byCAP'!$D$2:$D$377,MATCH(Q192,'model_byCAP'!$A$2:$A$377,0)),0) -> Vestas.V117.4000
A193: 571313174001696602 | B193: 43099 | C193: 3600 | D193: 117 | E193: 91.5 | F193: Vestas Wind Systems A/S | G193: V117-3.6 MW | H193: 360 | I193: Lolland | J193: LAND | K193: Købelev Skov | L193: 1a | M193: 633222 | N193: 6089238 | O193: SDFE2018 | P193: 61099537 | Q193: Vestas Wind Systems A/S V117-3.6 MW | R193: =_xlfn.IFERROR(INDEX('model_byCAP'!$D$2:$D$377,MATCH(Q193,'model_byCAP'!$A$2:$A$377,0)),0) -> Vestas.V117.4000
A194: 571313174001696619 | B194: 43100 | C194: 3600 | D194: 117 | E194: 91.5 | F194: Vestas Wind Systems A/S | G194: V117-3.6 MW | H194: 360 | I194: Lolland | J194: LAND | K194: Købelev Skov | L194: 1a | M194: 633490 | N194: 6089466 | O194: SDFE2018 | P194: 61099572 | Q194: Vestas Wind Systems A/S V117-3.6 MW | R194: =_xlfn.IFERROR(INDEX('model_byCAP'!$D$2:$D$377,MATCH(Q194,'model_byCAP'!$A$2:$A$377,0)),0) -> Vestas.V117.4000
A195: 571313174001696626 | B195: 43100 | C195: 3600 | D195: 117 | E195: 91.5 | F195: Vestas Wind Systems A/S | G195: V117-3.6 MW | H195: 360 | I195: Lolland | J195: LAND | K195: Købelev Skov | L195: 1a | M195: 633757 | N195: 6089698 | O195: Stamdata | P195: 61099552 | Q195: Vestas Wind Systems A/S V117-3.6 MW | R195: =_xlfn.IFERROR(INDEX('model_byCAP'!$D$2:$D$377,MATCH(Q195,'model_byCAP'!$A$2:$A$377,0)),0) -> Vestas.V117.4000
...

Sheet model_byCAP
A1: Turbine | B1: IC | C1: perc(%) | D1: column | E1: notes
A2: Siemens Wind Power A/S SG 8.0-167 DD | B2: 611400 | C2: 8.6905048 | D2: Siemens.Gamesa.SG.8.0.167
A3: SIEMENS SWT 2.3-93 | B3: 609500 | C3: 8.663498 | D3: Siemens.SWT.2.3.93
A4: MHI Vestas Offshore Wind A/S V164-8.0MW/8.3MW | B4: 433000 | C4: 6.1547082 | D4: MHI.Vestas.V164.8400
A5: SIEMENS SWT 3.6-120 | B5: 421200 | C5: 5.9869817 | D5: Siemens.SWT.3.6.120
A6: Ukendt Ukendt | B6: 240944.5 | C6: 3.4248108
A7: Vestas Wind Systems A/S V117-3.6 MW | B7: 234000 | C7: 3.326101 | D7: Vestas.V117.4000 | E7: approx.
A8: Vestas Wind Systems A/S V126-3.6 MW | B8: 234000 | C8: 3.326101 | D8: Vestas.V136.4000 | E8: approx.
A9: Vestas Wind Systems A/S V 47-660 | B9: 211800 | C9: 3.0105478 | D9: Vestas.V47.660
A10: NEG Micon NM 48/750 | B10: 208350 | C10: 2.9615091 | D10: NEG.Micon.NM48.750 | E10: approx.
A11: BONUS 2,3 MW | B11: 202400 | C11: 2.8769352 | D11: Bonus.B82.2300
A12: Vestas Wind Systems A/S V 90-3 MW | B12: 183000 | C12: 2.6011815 | D12: Vestas.V90.3000
A13: Vestas Wind Systems A/S V112-3.0MW | B13: 178725 | C13: 2.5404162 | D13: Vestas.V112.3000
A14: Vestas Wind Systems A/S V112-3.3MW | B14: 170550 | C14: 2.4242159 | D14: Vestas.V112.3300
A15: Vestas Wind Systems A/S V 80 | B15: 164000 | C15: 2.3311135 | D15: Vestas.V80.2000
A16: SIEMENS SWT 3.0-101 | B16: 162200 | C16: 2.3055281 | D16: Siemens.SWT.3.0.101
A17: SIEMENS SWT-3.2-113 DD | B17: 145600 | C17: 2.0695739 | D17: Siemens.SWT.3.0.101 | E17: approx.
A18: Vestas Wind Systems A/S V117-3.45 MW | B18: 134550 | C18: 1.9125081 | D18: Vestas.V117.4000 | E18: approx.
A19: Vestas Wind Systems A/S V 44-600 | B19: 129720 | C19: 1.8438539 | D19: Vestas.V44.600
A20: NEG Micon NM 750-200/48 | B20: 110250 | C20: 1.5671053 | D20: NEG.Micon.NM48.750
A21: BONUS 1 MW | B21: 108000 | C21: 1.5351235 | D21: Bonus.B54.1000 | E21: approx.
A22: NEG Micon NM 52/900 | B22: 89100 | C22: 1.2664769 | D22: NEG.Micon.NM52.900 | E22: approx.
A23: SIEMENS SWT-DD-130 Mode 1 | B23: 77400 | C23: 1.1001719 | D23: Siemens.SWT.4.3.130
A24: Vestas Wind Systems A/S V 52-850 | B24: 68000 | C24: 0.96655925 | D24: Vestas.V52.850
A25: Vestas Wind Systems A/S V126-3.45 | B25: 57000 | C25: 0.81020408 | D25: Vestas.V136.4000 | E25: approx.
A26: Nordex N 60/1300 | B26: 54600 | C26: 0.77609022 | D26: Nordex.N60.1300
A27: BONUS 2 MW | B27: 54000 | C27: 0.76756176 | D27: Bonus.B82.2300 | E27: approx.
A28: Vestas Wind Systems A/S V100-2.0 | B28: 52200 | C28: 0.74197637 | D28: Vestas.V100.2000
A29: Vestas Wind Systems A/S V 90 3 | B29: 51000 | C29: 0.72491944 | D29: Vestas.V90.3000
A30: Vestas Wind Systems A/S V 80 2 | B30: 46000 | C30: 0.65384891 | D30: Vestas.V80.2000
A31: NEG Micon NM 1500-750/175 | B31: 45000 | C31: 0.6396348 | D31: NEG.Micon.M1500.750 | E31: approx.
A32: Siemens Wind Power A/S SWT-3.2-101 DD | B32: 41600 | C32: 0.59130684 | D32: Siemens.SWT.3.0.101 | E32: approx.
A33: Vestas Wind Systems A/S V 47 | B33: 40950 | C33: 0.58206767 | D33: Vestas.V47.660
A34: Nordex N 50/800 | B34: 40000 | C34: 0.56856427 | D34: Nordex.N50.800
A35: Vestas Wind Systems A/S V 80-2 MW | B35: 40000 | C35: 0.56856427 | D35: Vestas.V80.2000
A36: Vestas Wind Systems A/S V 90 2 | B36: 40000 | C36: 0.56856427 | D36: Vestas.V90.2000
A37: Vestas Wind Systems A/S V 66 1,75 | B37: 38500 | C37: 0.54724311 | D37: Vestas.V66.1750
A38: Vestas Wind Systems A/S V136-4.2 MW | B38: 37800 | C38: 0.53729323 | D38: Vestas.V136.4000
A39: NEG Micon NM 64/1500 | B39: 36000 | C39: 0.51170784 | D39: NEG.Micon.NM64c.1500
A40: Siemens Wind Power A/S SWT-6.0-120 | B40: 36000 | C40: 0.51170784 | D40: Siemens.Gamesa.SG.6.0.154 | E40: approx.
A41: Vestas Wind Systems A/S V 39-500 | B41: 31500 | C41: 0.44774436 | D41: Vestas.V39.500
A42: Micon M 1500-600/150 | B42: 30000 | C42: 0.4264232 | D42: NEG.Micon.M1500.500 | E42: approx.
A43: Vestas Wind Systems A/S V 80-2 MW VCS | B43: 30000 | C43: 0.4264232 | D43: Vestas.V80.2000
A44: SIEMENS SWT 3.6 | B44: 28800 | C44: 0.40936627 | D44: Siemens.SWT.3.6.107
A45: Siemens Wind Power A/S SWT-7.0-154 | B45: 28000 | C45: 0.39799499 | D45: Siemens.Gamesa.SG.7.0.154
A46: NEG Micon NM 44/750 | B46: 27000 | C46: 0.38378088 | D46: NEG.Micon.NM48.750 | E46: approx.
A47: NEG Micon NM 1500-600/150 | B47: 26400 | C47: 0.37525242 | D47: NEG.Micon.M1500.750 | E47: approx.
A48: BONUS 1,3 MW | B48: 24700 | C48: 0.35108843 | D48: Bonus.B62.1300
A49: BONUS 600 - MK lll | B49: 24000 | C49: 0.34113856 | D49: Bonus.B44.600
A50: BONUS 600 - MK lV | B50: 24000 | C50: 0.34113856 | D50: Bonus.B44.600
A51: Vestas Wind Systems A/S V117-3.3 MW | B51: 23100 | C51: 0.32834586 | D51: Vestas.V117.4000 | E51: approx.
A52: NEG Micon NM 750 | B52: 22500 | C52: 0.3198174 | D52: NEG.Micon.NM48.750 | E52: approx.
A53: Vestas Wind Systems A/S V112-3,45MW | B53: 20550 | C53: 0.29209989 | D53: Vestas.V112.3300 | E53: approx.
A54: Vestas Wind Systems A/S V 42-600 | B54: 20400 | C54: 0.28996778 | D54: Vestas.V42.600
A55: Vestas Wind Systems A/S DW/52-521-10 | B55: 19800 | C55: 0.28143931 | D55: Vestas.V112.3300
A56: NEG Micon NM 1800-600/150 | B56: 19350 | C56: 0.27504296 | D56: NEG.Micon.M1500.750 | E56: approx.
A57: SIEMENS Ukendt-Simens | B57: 18300 | C57: 0.26011815 | D57: Siemens.SWT.3.0.101 | E57: approx.
A58: Vestas Wind Systems A/S V 66 1,65 | B58: 18150 | C58: 0.25798604 | D58: Vestas.V66.1650
A59: NEG Micon NM 52/900 44 | B59: 18000 | C59: 0.25585392 | D59: NEG.Micon.NM52.900 | E59: approx.
A60: Vestas Wind Systems A/S V100-2.2 MW | B60: 17600 | C60: 0.25016828 | D60: Vestas.V100.2000 | E60: approx.
A61: Vestas Wind Systems A/S V 27-225 | B61: 17400 | C61: 0.24732546 | D61: Vestas.V27.225
A62: Vestas Wind Systems A/S V164-8MW | B62: 16000 | C62: 0.22742571 | D62: Vestas.V164.8000
A63: SIEMENS SWT-3.0-113 DD | B63: 15000 | C63: 0.2132116 | D63: Siemens.SWT.3.0.101
A64: Wind World W 4200-600 | B64: 15000 | C64: 0.2132116 | D64: Wind.World.W4200
A65: NEG Micon NM 1500/64 | B65: 13500 | C65: 0.19189044 | D65: NEG.Micon.M1500.750 | E65: approx.
A66: Nordex N 43/600 | B66: 13200 | C66: 0.18762621 | D66: Nordex.N43.600
A67: Vestas Wind Systems A/S V 29-225 | B67: 12625 | C67: 0.1794531 | D67: Vestas.V29.225
A68: Micon M 1800-600/150 | B68: 12000 | C68: 0.17056928 | D68: NEG.Micon.M1500.750 | E68: approx.
A69: NEG Micon NM 1000/60 | B69: 12000 | C69: 0.17056928 | D69: NEG.Micon.NM60.1000
A70: NEG Micon NM 2000 | B70: 12000 | C70: 0.17056928 | D70: NEG.Micon.NM64c.1500 | E70: approx.
A71: Vestas Wind Systems A/S V 39 | B71: 12000 | C71: 0.17056928 | D71: Vestas.V39.500
A72: NEG Micon NM 1800-600 | B72: 11400 | C72: 0.16204082 | D72: NEG.Micon.M1500.750 | E72: approx.
A73: BONUS 1 MW - 690 V | B73: 11000 | C73: 0.15635517 | D73: Bonus.B54.1000
A74: BONUS 1000 kW | B74: 11000 | C74: 0.15635517 | D74: Bonus.B54.1000
A75: NEG Micon NM 80/750 | B75: 11000 | C75: 0.15635517 | D75: NEG.Micon.NM80.2750
A76: SIEMENS SWT 3.6-107 | B76: 10800 | C76: 0.15351235 | D76: Siemens.SWT.3.6.107
A77: Siemens Wind Power A/S SG DD-193 / SG 10.0-193DD | B77: 10000 | C77: 0.14214107 | D77: Siemens.Gamesa.SG.10.0.193
A78: Vestas Wind Systems A/S 3 MW/112 | B78: 9225 | C78: 0.13112513 | D78: Vestas.V112.3000
A79: Micon M 750-400/100 | B79: 9200 | C79: 0.13076978 | D79: NEG.Micon.NM48.750 | E79: approx.
A80: NEG Micon NM 52/900-200 | B80: 9000 | C80: 0.12792696 | D80: NEG.Micon.NM52.900 | E80: approx.
A81: Vestas Wind Systems A/S 3 MW | B81: 9000 | C81: 0.12792696 | D81: Vestas.V112.3000
A82: Vestas Wind Systems A/S NM72C/1500/EVOII | B82: 9000 | C82: 0.12792696 | D82: Vestas.V66.1650 | E82: approx.
A83: NEG Micon NM 1800-750/175 | B83: 8250 | C83: 0.11726638 | D83: NEG.Micon.M1500.750 | E83: approx.
A84: Vestas Wind Systems A/S V 66 | B84: 8250 | C84: 0.11726638 | D84: Vestas.V66.1650
A85: Siemens Wind Power A/S SWT 8.0-154 | B85: 8000 | C85: 0.11371285 | D85: Siemens.SWT.8.0.154
A86: Micon M 1500-750/175 | B86: 7500 | C86: 0.1066058 | D86: NEG.Micon.M1500.750
A87: Micon M 44/750 | B87: 7500 | C87: 0.1066058 | D87: NEG.Micon.NM48.750 | E87: approx.
A88: Micon M 750-200/48 45 | B88: 7500 | C88: 0.1066058 | D88: NEG.Micon.NM48.750 | E88: approx.
A89: NEG Micon NM 1800 | B89: 7500 | C89: 0.1066058 | D89: NEG.Micon.M1500.750 | E89: approx.
A90: BONUS 150 - MK lll | B90: 7350 | C90: 0.10447368 | D90: Bonus.B23.150
A91: BONUS 600 kW | B91: 7200 | C91: 0.10234157 | D91: Bonus.B44.600
A92: NEG Micon NM 52/900 LM | B92: 7200 | C92: 0.10234157 | D92: NEG.Micon.NM52.900 | E92: approx.
A93: Vestas Wind Systems A/S V 44 | B93: 7200 | C93: 0.10234157 | D93: Vestas.V44.600
A94: Vestas Wind Systems A/S V 90 1,8 | B94: 7200 | C94: 0.10234157 | D94: Vestas.V90.1800
A95: Wind World W 4200/600-150 | B95: 7200 | C95: 0.10234157 | D95: Wind.World.W4200
A96: Wind World W 3700-500 | B96: 6550 | C96: 0.093102399 | D96: Wind.World.W3700
A97: ENERCON GmbH E-82 E4 | B97: 6100 | C97: 0.086706051 | D97: Enercon.E82.3000 | E97: approx.
A98: Micon M 750 | B98: 6000 | C98: 0.08528464 | D98: NEG.Micon.NM48.750 | E98: approx.
A99: Micon M 750-200/48 | B99: 6000 | C99: 0.08528464 | D99: NEG.Micon.NM48.750 | E99: approx.
A100: NEG Micon NM 600/48 | B100: 6000 | C100: 0.08528464 | D100: NEG.Micon.NM48.750 | E100: approx.
...
